{"0": {"precision": 0.8890641430073607, "recall": 0.8614365766683647, "f1-score": 0.8750323415265201, "support": 1963.0}, "1": {"precision": 0.4448979591836735, "recall": 0.5081585081585082, "f1-score": 0.47442872687704024, "support": 429.0}, "accuracy": 0.7980769230769231, "macro avg": {"precision": 0.6669810510955171, "recall": 0.6847975424134365, "f1-score": 0.6747305342017802, "support": 2392.0}, "weighted avg": {"precision": 0.8094039035172429, "recall": 0.7980769230769231, "f1-score": 0.8031849541165591, "support": 2392.0}}