{"0": {"precision": 0.9060887512899897, "recall": 0.8945491594498217, "f1-score": 0.9002819789797488, "support": 1963.0}, "1": {"precision": 0.5440528634361234, "recall": 0.5757575757575758, "f1-score": 0.5594563986409966, "support": 429.0}, "accuracy": 0.8373745819397993, "macro avg": {"precision": 0.7250708073630565, "recall": 0.7351533676036988, "f1-score": 0.7298691888103728, "support": 2392.0}, "weighted avg": {"precision": 0.8411584018379376, "recall": 0.8373745819397993, "f1-score": 0.8391556520711683, "support": 2392.0}}