{"0": {"precision": 0.8933474128827877, "recall": 0.8619460010188487, "f1-score": 0.8773658283640134, "support": 1963.0}, "1": {"precision": 0.45582329317269077, "recall": 0.5291375291375291, "f1-score": 0.48975188781014023, "support": 429.0}, "accuracy": 0.802257525083612, "macro avg": {"precision": 0.6745853530277393, "recall": 0.6955417650781889, "f1-score": 0.6835588580870768, "support": 2392.0}, "weighted avg": {"precision": 0.8148784131521726, "recall": 0.802257525083612, "f1-score": 0.8078481107646776, "support": 2392.0}}