{"0": {"precision": 0.9235751295336787, "recall": 0.7264391237901172, "f1-score": 0.8132306814941546, "support": 1963.0}, "1": {"precision": 0.36674528301886794, "recall": 0.7249417249417249, "f1-score": 0.48707909162098667, "support": 429.0}, "accuracy": 0.7261705685618729, "macro avg": {"precision": 0.6451602062762734, "recall": 0.725690424365921, "f1-score": 0.6501548865575706, "support": 2392.0}, "weighted avg": {"precision": 0.8237089070609137, "recall": 0.7261705685618729, "f1-score": 0.7547361028755973, "support": 2392.0}}