{"0": {"precision": 0.8865013774104683, "recall": 0.8196637799286806, "f1-score": 0.8517734250926416, "support": 1963.0}, "1": {"precision": 0.38648180242634317, "recall": 0.5198135198135199, "f1-score": 0.4433399602385686, "support": 429.0}, "accuracy": 0.7658862876254181, "macro avg": {"precision": 0.6364915899184057, "recall": 0.6697386498711002, "f1-score": 0.6475566926656051, "support": 2392.0}, "weighted avg": {"precision": 0.7968239536361416, "recall": 0.7658862876254181, "f1-score": 0.7785217710699002, "support": 2392.0}}