{"0": {"precision": 0.889412997903564, "recall": 0.8644931227712684, "f1-score": 0.8767760268664427, "support": 1963.0}, "1": {"precision": 0.45041322314049587, "recall": 0.5081585081585082, "f1-score": 0.47754654983570644, "support": 429.0}, "accuracy": 0.8005852842809364, "macro avg": {"precision": 0.66991311052203, "recall": 0.6863258154648884, "f1-score": 0.6771612883510746, "support": 2392.0}, "weighted avg": {"precision": 0.8106793426471441, "recall": 0.8005852842809364, "f1-score": 0.8051750880511476, "support": 2392.0}}