{"0": {"precision": 0.8706491063029163, "recall": 0.9429444727457973, "f1-score": 0.9053558327219369, "support": 1963.0}, "1": {"precision": 0.5789473684210527, "recall": 0.358974358974359, "f1-score": 0.44316546762589926, "support": 429.0}, "accuracy": 0.8382107023411371, "macro avg": {"precision": 0.7247982373619845, "recall": 0.6509594158600781, "f1-score": 0.6742606501739181, "support": 2392.0}, "weighted avg": {"precision": 0.8183330337480169, "recall": 0.8382107023411371, "f1-score": 0.8224629955036258, "support": 2392.0}}