{"0": {"precision": 0.884825327510917, "recall": 0.825776872134488, "f1-score": 0.8542819499341239, "support": 1963.0}, "1": {"precision": 0.3892857142857143, "recall": 0.5081585081585082, "f1-score": 0.4408493427704752, "support": 429.0}, "accuracy": 0.7688127090301003, "macro avg": {"precision": 0.6370555208983156, "recall": 0.666967690146498, "f1-score": 0.6475656463522995, "support": 2392.0}, "weighted avg": {"precision": 0.7959513751390056, "recall": 0.7688127090301003, "f1-score": 0.7801337106058608, "support": 2392.0}}