{"0": {"precision": 0.8909754825247783, "recall": 0.870096790626592, "f1-score": 0.8804123711340206, "support": 1963.0}, "1": {"precision": 0.4631578947368421, "recall": 0.5128205128205128, "f1-score": 0.48672566371681414, "support": 429.0}, "accuracy": 0.8060200668896321, "macro avg": {"precision": 0.6770666886308102, "recall": 0.6914586517235524, "f1-score": 0.6835690174254174, "support": 2392.0}, "weighted avg": {"precision": 0.8142473281932462, "recall": 0.8060200668896321, "f1-score": 0.809805515999413, "support": 2392.0}}