{"0": {"precision": 0.9231762427372499, "recall": 0.7284768211920529, "f1-score": 0.8143507972665148, "support": 1963.0}, "1": {"precision": 0.36773428232502964, "recall": 0.7226107226107226, "f1-score": 0.48742138364779874, "support": 429.0}, "accuracy": 0.7274247491638796, "macro avg": {"precision": 0.6454552625311397, "recall": 0.7255437719013877, "f1-score": 0.6508860904571567, "support": 2392.0}, "weighted avg": {"precision": 0.8235589346198409, "recall": 0.7274247491638796, "f1-score": 0.7557167176501147, "support": 2392.0}}