{"0": {"precision": 0.8907700709994538, "recall": 0.8308711156393276, "f1-score": 0.8597785977859779, "support": 1963.0}, "1": {"precision": 0.40819964349376114, "recall": 0.5337995337995338, "f1-score": 0.4626262626262626, "support": 429.0}, "accuracy": 0.7775919732441472, "macro avg": {"precision": 0.6494848572466074, "recall": 0.6823353247194307, "f1-score": 0.6612024302061202, "support": 2392.0}, "weighted avg": {"precision": 0.8042221138924547, "recall": 0.7775919732441472, "f1-score": 0.7885501898497246, "support": 2392.0}}