{"0": {"precision": 0.8898678414096917, "recall": 0.8232297503820682, "f1-score": 0.8552527123577666, "support": 1963.0}, "1": {"precision": 0.3975694444444444, "recall": 0.5337995337995338, "f1-score": 0.4557213930348259, "support": 429.0}, "accuracy": 0.7713210702341137, "macro avg": {"precision": 0.643718642927068, "recall": 0.678514642090801, "f1-score": 0.6554870526962963, "support": 2392.0}, "weighted avg": {"precision": 0.801575194127881, "recall": 0.7713210702341137, "f1-score": 0.7835976387835435, "support": 2392.0}}