{"0": {"precision": 0.8909475913181577, "recall": 0.8573611818644932, "f1-score": 0.8738317757009346, "support": 1963.0}, "1": {"precision": 0.4433399602385686, "recall": 0.5198135198135199, "f1-score": 0.47854077253218885, "support": 429.0}, "accuracy": 0.7968227424749164, "macro avg": {"precision": 0.6671437757783631, "recall": 0.6885873508390066, "f1-score": 0.6761862741165617, "support": 2392.0}, "weighted avg": {"precision": 0.810670135744101, "recall": 0.7968227424749164, "f1-score": 0.8029371936108878, "support": 2392.0}}