{"0": {"precision": 0.8899858956276445, "recall": 0.9643402954661233, "f1-score": 0.9256723716381418, "support": 1963.0}, "1": {"precision": 0.7358490566037735, "recall": 0.45454545454545453, "f1-score": 0.5619596541786743, "support": 429.0}, "accuracy": 0.8729096989966555, "macro avg": {"precision": 0.812917476115709, "recall": 0.709442875005789, "f1-score": 0.743816012908408, "support": 2392.0}, "weighted avg": {"precision": 0.8623417886287981, "recall": 0.8729096989966555, "f1-score": 0.8604412864416068, "support": 2392.0}}