{"0": {"precision": 0.8906506287588847, "recall": 0.8298522669383597, "f1-score": 0.8591772151898734, "support": 1963.0}, "1": {"precision": 0.4067495559502664, "recall": 0.5337995337995338, "f1-score": 0.46169354838709675, "support": 429.0}, "accuracy": 0.7767558528428093, "macro avg": {"precision": 0.6487000923545756, "recall": 0.6818259003689467, "f1-score": 0.6604353817884852, "support": 2392.0}, "weighted avg": {"precision": 0.8038640233095129, "recall": 0.7767558528428093, "f1-score": 0.7878893836437233, "support": 2392.0}}