{"0": {"precision": 0.8832236842105263, "recall": 0.8206826286296485, "f1-score": 0.8508053868497492, "support": 1963.0}, "1": {"precision": 0.38028169014084506, "recall": 0.5034965034965035, "f1-score": 0.43329989969909727, "support": 429.0}, "accuracy": 0.7637959866220736, "macro avg": {"precision": 0.6317526871756857, "recall": 0.662089566063076, "f1-score": 0.6420526432744232, "support": 2392.0}, "weighted avg": {"precision": 0.79302213092629, "recall": 0.7637959866220736, "f1-score": 0.775926685349904, "support": 2392.0}}