{"0": {"precision": 0.8892988929889298, "recall": 0.8593988792664289, "f1-score": 0.8740932642487047, "support": 1963.0}, "1": {"precision": 0.44242424242424244, "recall": 0.5104895104895105, "f1-score": 0.474025974025974, "support": 429.0}, "accuracy": 0.7968227424749164, "macro avg": {"precision": 0.6658615677065861, "recall": 0.6849441948779698, "f1-score": 0.6740596191373394, "support": 2392.0}, "weighted avg": {"precision": 0.8091528958767849, "recall": 0.7968227424749164, "f1-score": 0.8023420654587585, "support": 2392.0}}