{"0": {"precision": 0.8658704639412035, "recall": 0.9602649006622517, "f1-score": 0.9106280193236715, "support": 1963.0}, "1": {"precision": 0.6372093023255814, "recall": 0.31934731934731936, "f1-score": 0.4254658385093168, "support": 429.0}, "accuracy": 0.8453177257525084, "macro avg": {"precision": 0.7515398831333924, "recall": 0.6398061100047855, "f1-score": 0.6680469289164942, "support": 2392.0}, "weighted avg": {"precision": 0.8248605816949235, "recall": 0.8453177257525084, "f1-score": 0.82361523689501, "support": 2392.0}}