{"0": {"precision": 0.8765432098765432, "recall": 0.9765664798777381, "f1-score": 0.923855421686747, "support": 1963.0}, "1": {"precision": 0.775609756097561, "recall": 0.3706293706293706, "f1-score": 0.501577287066246, "support": 429.0}, "accuracy": 0.8678929765886287, "macro avg": {"precision": 0.8260764829870522, "recall": 0.6735979252535544, "f1-score": 0.7127163543764965, "support": 2392.0}, "weighted avg": {"precision": 0.8584410143618344, "recall": 0.8678929765886287, "f1-score": 0.8481207562385049, "support": 2392.0}}