{"0": {"precision": 0.8942105263157895, "recall": 0.8655119714722364, "f1-score": 0.8796272327206834, "support": 1963.0}, "1": {"precision": 0.4634146341463415, "recall": 0.5314685314685315, "f1-score": 0.495114006514658, "support": 429.0}, "accuracy": 0.8056020066889632, "macro avg": {"precision": 0.6788125802310655, "recall": 0.6984902514703839, "f1-score": 0.6873706196176708, "support": 2392.0}, "weighted avg": {"precision": 0.816948219568008, "recall": 0.8056020066889632, "f1-score": 0.8106656214989506, "support": 2392.0}}