{"0": {"precision": 0.8890057864281957, "recall": 0.8609271523178808, "f1-score": 0.8747412008281573, "support": 1963.0}, "1": {"precision": 0.4439918533604888, "recall": 0.5081585081585082, "f1-score": 0.47391304347826085, "support": 429.0}, "accuracy": 0.7976588628762542, "macro avg": {"precision": 0.6664988198943422, "recall": 0.6845428302381944, "f1-score": 0.6743271221532091, "support": 2392.0}, "weighted avg": {"precision": 0.8091935049540961, "recall": 0.7976588628762542, "f1-score": 0.8028535421730129, "support": 2392.0}}