{"0": {"precision": 0.8879624804585722, "recall": 0.8680590932246561, "f1-score": 0.8778979907264297, "support": 1963.0}, "1": {"precision": 0.452431289640592, "recall": 0.4988344988344988, "f1-score": 0.4745011086474501, "support": 429.0}, "accuracy": 0.8018394648829431, "macro avg": {"precision": 0.6701968850495821, "recall": 0.6834467960295775, "f1-score": 0.67619954968694, "support": 2392.0}, "weighted avg": {"precision": 0.809850908192304, "recall": 0.8018394648829431, "f1-score": 0.8055496368753083, "support": 2392.0}}