{"0": {"precision": 0.8846364133406233, "recall": 0.8242485990830362, "f1-score": 0.8533755274261603, "support": 1963.0}, "1": {"precision": 0.3872113676731794, "recall": 0.5081585081585082, "f1-score": 0.43951612903225806, "support": 429.0}, "accuracy": 0.7675585284280937, "macro avg": {"precision": 0.6359238905069013, "recall": 0.6662035536207722, "f1-score": 0.6464458282292092, "support": 2392.0}, "weighted avg": {"precision": 0.7954243127589621, "recall": 0.7675585284280937, "f1-score": 0.7791507440185582, "support": 2392.0}}