{"0": {"precision": 0.8637192342752963, "recall": 0.9653591441670912, "f1-score": 0.9117151792157806, "support": 1963.0}, "1": {"precision": 0.6565656565656566, "recall": 0.30303030303030304, "f1-score": 0.41467304625199364, "support": 429.0}, "accuracy": 0.8465719063545151, "macro avg": {"precision": 0.7601424454204764, "recall": 0.6341947235986971, "f1-score": 0.6631941127338872, "support": 2392.0}, "weighted avg": {"precision": 0.8265666904469371, "recall": 0.8465719063545151, "f1-score": 0.8225717531951015, "support": 2392.0}}