{"0": {"precision": 0.8901098901098901, "recall": 0.8665308201732043, "f1-score": 0.8781621063500258, "support": 1963.0}, "1": {"precision": 0.4553014553014553, "recall": 0.5104895104895105, "f1-score": 0.48131868131868133, "support": 429.0}, "accuracy": 0.802675585284281, "macro avg": {"precision": 0.6727056727056727, "recall": 0.6885101653313574, "f1-score": 0.6797403938343536, "support": 2392.0}, "weighted avg": {"precision": 0.8121279425627251, "recall": 0.802675585284281, "f1-score": 0.8069891007737521, "support": 2392.0}}