{"0": {"precision": 0.8705207835642619, "recall": 0.9281711665817626, "f1-score": 0.8984220907297831, "support": 1963.0}, "1": {"precision": 0.5284280936454849, "recall": 0.3682983682983683, "f1-score": 0.4340659340659341, "support": 429.0}, "accuracy": 0.8277591973244147, "macro avg": {"precision": 0.6994744386048735, "recall": 0.6482347674400655, "f1-score": 0.6662440123978586, "support": 2392.0}, "weighted avg": {"precision": 0.8091672033070899, "recall": 0.8277591973244147, "f1-score": 0.8151408235020275, "support": 2392.0}}