{"0": {"precision": 0.88801261829653, "recall": 0.8604177279673968, "f1-score": 0.8739974126778784, "support": 1963.0}, "1": {"precision": 0.44081632653061226, "recall": 0.5034965034965035, "f1-score": 0.470076169749728, "support": 429.0}, "accuracy": 0.7964046822742475, "macro avg": {"precision": 0.6644144724135711, "recall": 0.6819571157319502, "f1-score": 0.6720367912138032, "support": 2392.0}, "weighted avg": {"precision": 0.8078089355341643, "recall": 0.7964046822742475, "f1-score": 0.8015550158483732, "support": 2392.0}}