{"0": {"precision": 0.8909281594126901, "recall": 0.8655119714722364, "f1-score": 0.8780361757105943, "support": 1963.0}, "1": {"precision": 0.4556701030927835, "recall": 0.5151515151515151, "f1-score": 0.48358862144420134, "support": 429.0}, "accuracy": 0.802675585284281, "macro avg": {"precision": 0.6732991312527368, "recall": 0.6903317433118757, "f1-score": 0.6808123985773978, "support": 2392.0}, "weighted avg": {"precision": 0.8128655732248807, "recall": 0.802675585284281, "f1-score": 0.8072928643476, "support": 2392.0}}