{"0": {"precision": 0.8873755893137768, "recall": 0.8629648497198166, "f1-score": 0.875, "support": 1963.0}, "1": {"precision": 0.44306418219461696, "recall": 0.4988344988344988, "f1-score": 0.4692982456140351, "support": 429.0}, "accuracy": 0.7976588628762542, "macro avg": {"precision": 0.6652198857541969, "recall": 0.6808996742771577, "f1-score": 0.6721491228070176, "support": 2392.0}, "weighted avg": {"precision": 0.8076893043413187, "recall": 0.7976588628762542, "f1-score": 0.8022382723112128, "support": 2392.0}}