{"0": {"precision": 0.8888308977035491, "recall": 0.8675496688741722, "f1-score": 0.8780613560195927, "support": 1963.0}, "1": {"precision": 0.453781512605042, "recall": 0.5034965034965035, "f1-score": 0.47734806629834253, "support": 429.0}, "accuracy": 0.802257525083612, "macro avg": {"precision": 0.6713062051542955, "recall": 0.6855230861853379, "f1-score": 0.6777047111589676, "support": 2392.0}, "weighted avg": {"precision": 0.8108057362456647, "recall": 0.802257525083612, "f1-score": 0.8061942986239338, "support": 2392.0}}