{"0": {"precision": 0.8890046899426784, "recall": 0.869077941925624, "f1-score": 0.8789283874291602, "support": 1963.0}, "1": {"precision": 0.45665961945031713, "recall": 0.5034965034965035, "f1-score": 0.4789356984478936, "support": 429.0}, "accuracy": 0.8035117056856187, "macro avg": {"precision": 0.6728321546964978, "recall": 0.6862872227110638, "f1-score": 0.6789320429385269, "support": 2392.0}, "weighted avg": {"precision": 0.8114645414304614, "recall": 0.8035117056856187, "f1-score": 0.8071905682096939, "support": 2392.0}}