{"0": {"precision": 0.88627665390924, "recall": 0.825776872134488, "f1-score": 0.854957805907173, "support": 1963.0}, "1": {"precision": 0.3925399644760213, "recall": 0.5151515151515151, "f1-score": 0.44556451612903225, "support": 429.0}, "accuracy": 0.770066889632107, "macro avg": {"precision": 0.6394083091926307, "recall": 0.6704641936430016, "f1-score": 0.6502611610181026, "support": 2392.0}, "weighted avg": {"precision": 0.7977260520000214, "recall": 0.770066889632107, "f1-score": 0.781534009370876, "support": 2392.0}}