{"0": {"precision": 0.8852908891328211, "recall": 0.8217014773306164, "f1-score": 0.8523117569352708, "support": 1963.0}, "1": {"precision": 0.38596491228070173, "recall": 0.5128205128205128, "f1-score": 0.44044044044044045, "support": 429.0}, "accuracy": 0.7663043478260869, "macro avg": {"precision": 0.6356279007067613, "recall": 0.6672609950755646, "f1-score": 0.6463760986878556, "support": 2392.0}, "weighted avg": {"precision": 0.7957378606756474, "recall": 0.7663043478260869, "f1-score": 0.7784435316943501, "support": 2392.0}}