{"0": {"precision": 0.8881302521008403, "recall": 0.8614365766683647, "f1-score": 0.8745797776053789, "support": 1963.0}, "1": {"precision": 0.4426229508196721, "recall": 0.5034965034965035, "f1-score": 0.47110141766630315, "support": 429.0}, "accuracy": 0.7972408026755853, "macro avg": {"precision": 0.6653766014602562, "recall": 0.6824665400824341, "f1-score": 0.672840597635841, "support": 2392.0}, "weighted avg": {"precision": 0.8082294861101961, "recall": 0.7972408026755853, "f1-score": 0.8022168108771751, "support": 2392.0}}