{"0": {"precision": 0.8874316939890711, "recall": 0.8273051451859399, "f1-score": 0.8563142631162668, "support": 1963.0}, "1": {"precision": 0.39679715302491103, "recall": 0.5198135198135199, "f1-score": 0.450050454086781, "support": 429.0}, "accuracy": 0.7721571906354515, "macro avg": {"precision": 0.6421144235069911, "recall": 0.6735593324997299, "f1-score": 0.653182358601524, "support": 2392.0}, "weighted avg": {"precision": 0.7994374556639772, "recall": 0.7721571906354515, "f1-score": 0.783451732149022, "support": 2392.0}}