{"0": {"precision": 0.8908227848101266, "recall": 0.8604177279673968, "f1-score": 0.875356309924851, "support": 1963.0}, "1": {"precision": 0.4475806451612903, "recall": 0.5174825174825175, "f1-score": 0.48, "support": 429.0}, "accuracy": 0.7989130434782609, "macro avg": {"precision": 0.6692017149857085, "recall": 0.6889501227249571, "f1-score": 0.6776781549624256, "support": 2392.0}, "weighted avg": {"precision": 0.8113282706339766, "recall": 0.7989130434782609, "f1-score": 0.804450015210068, "support": 2392.0}}