{"0": {"precision": 0.8920634920634921, "recall": 0.8588894549159449, "f1-score": 0.8751622112639502, "support": 1963.0}, "1": {"precision": 0.448207171314741, "recall": 0.5244755244755245, "f1-score": 0.4833512352309345, "support": 429.0}, "accuracy": 0.7989130434782609, "macro avg": {"precision": 0.6701353316891165, "recall": 0.6916824896957348, "f1-score": 0.6792567232474424, "support": 2392.0}, "weighted avg": {"precision": 0.8124588258422487, "recall": 0.7989130434782609, "f1-score": 0.8048917644754201, "support": 2392.0}}