{"0": {"precision": 0.8923482849604222, "recall": 0.8614365766683647, "f1-score": 0.8766200103680664, "support": 1963.0}, "1": {"precision": 0.45271629778672035, "recall": 0.5244755244755245, "f1-score": 0.48596112311015116, "support": 429.0}, "accuracy": 0.8010033444816054, "macro avg": {"precision": 0.6725322913735713, "recall": 0.6929560505719445, "f1-score": 0.6812905667391087, "support": 2392.0}, "weighted avg": {"precision": 0.81350124378253, "recall": 0.8010033444816054, "f1-score": 0.8065561881968099, "support": 2392.0}}