{"0": {"precision": 0.886326194398682, "recall": 0.8222109016811003, "f1-score": 0.8530655391120507, "support": 1963.0}, "1": {"precision": 0.38879159369527144, "recall": 0.5174825174825175, "f1-score": 0.444, "support": 429.0}, "accuracy": 0.7675585284280937, "macro avg": {"precision": 0.6375588940469767, "recall": 0.6698467095818089, "f1-score": 0.6485327695560253, "support": 2392.0}, "weighted avg": {"precision": 0.7970944453594834, "recall": 0.7675585284280937, "f1-score": 0.7797005239452155, "support": 2392.0}}