{"0": {"precision": 0.8883089770354906, "recall": 0.8670402445236882, "f1-score": 0.8775457592162929, "support": 1963.0}, "1": {"precision": 0.45168067226890757, "recall": 0.5011655011655012, "f1-score": 0.47513812154696133, "support": 429.0}, "accuracy": 0.8014214046822743, "macro avg": {"precision": 0.6699948246521991, "recall": 0.6841028728445947, "f1-score": 0.6763419403816271, "support": 2392.0}, "weighted avg": {"precision": 0.8100006397675708, "recall": 0.8014214046822743, "f1-score": 0.8053748241995106, "support": 2392.0}}