{"0": {"precision": 0.8897679324894515, "recall": 0.8593988792664289, "f1-score": 0.8743197719616481, "support": 1963.0}, "1": {"precision": 0.4435483870967742, "recall": 0.5128205128205128, "f1-score": 0.4756756756756757, "support": 429.0}, "accuracy": 0.7972408026755853, "macro avg": {"precision": 0.6666581597931128, "recall": 0.6861096960434708, "f1-score": 0.674997723818662, "support": 2392.0}, "weighted avg": {"precision": 0.8097394270657648, "recall": 0.7972408026755853, "f1-score": 0.8028238199103596, "support": 2392.0}}