{"0": {"precision": 0.8867825171142707, "recall": 0.8578706062149771, "f1-score": 0.8720870015535992, "support": 1963.0}, "1": {"precision": 0.4340770791075051, "recall": 0.4988344988344988, "f1-score": 0.4642082429501085, "support": 429.0}, "accuracy": 0.7934782608695652, "macro avg": {"precision": 0.6604297981108879, "recall": 0.678352552524738, "f1-score": 0.6681476222518539, "support": 2392.0}, "weighted avg": {"precision": 0.8055907809500138, "recall": 0.7934782608695652, "f1-score": 0.7989348328910166, "support": 2392.0}}