{"0": {"precision": 0.8868234007654456, "recall": 0.826286296484972, "f1-score": 0.8554852320675106, "support": 1963.0}, "1": {"precision": 0.39431616341030196, "recall": 0.5174825174825175, "f1-score": 0.4475806451612903, "support": 429.0}, "accuracy": 0.7709030100334449, "macro avg": {"precision": 0.6405697820878737, "recall": 0.6718844069837447, "f1-score": 0.6515329386144004, "support": 2392.0}, "weighted avg": {"precision": 0.798493298413708, "recall": 0.7709030100334449, "f1-score": 0.7823284311549821, "support": 2392.0}}