{"0": {"precision": 0.8903531892461781, "recall": 0.8604177279673968, "f1-score": 0.8751295336787565, "support": 1963.0}, "1": {"precision": 0.44646464646464645, "recall": 0.5151515151515151, "f1-score": 0.47835497835497837, "support": 429.0}, "accuracy": 0.7984949832775919, "macro avg": {"precision": 0.6684089178554122, "recall": 0.687784621559456, "f1-score": 0.6767422560168674, "support": 2392.0}, "weighted avg": {"precision": 0.8107427440734034, "recall": 0.7984949832775919, "f1-score": 0.803968879734818, "support": 2392.0}}